{"nodes":{"node:255":{"location":{"x":200,"y":100}}},"selection":null,"view":{"scroll":{"x":-177.04278564453125,"y":-28.5688877105712891},"zoom":0.75}}